T [°R],Density [lbm/ft³],Viscosity [poise],Cp [BTU/lbm-°R],Conductivity [BTU/hr-ft-°F],Surface Tension [lbf/in],dHvap [BTU/lbm]
100.0,81.41865241447748,0.007541455517117112,0.3998847923833482,0.11577169137663958,7.52226710455e-05,104.02768248727367
100.35070140280561,81.36853996275778,0.007463920437405972,0.3998820506261639,0.11561256063500491,7.52226710455e-05,103.963343420375
100.70140280561122,81.31833711614645,0.007387447429323975,0.3998795705052913,0.1154533928659862,7.52226710455e-05,103.89897152080617
101.05210420841684,81.26804409135379,0.007312021645131918,0.39987733890075017,0.11529418808242904,7.52226710455e-05,103.83456681336953
101.40280561122245,81.217661105103,0.007237628455432825,0.39987534269256003,0.11513494629717905,7.52226710455e-05,103.77012932286732
101.75350701402806,81.16718837413063,0.0071642534461045515,0.39987356876074054,0.11497566752308183,7.52226710455e-05,103.7056590741018
102.10420841683367,81.11662611518635,0.0070918824152731924,0.39987200398531136,0.11481635177298295,7.52226710455e-05,103.64115609187527
102.45490981963928,81.06597454503294,0.007020501370326979,0.399870635246292,0.11465699905972805,7.52226710455e-05,103.57662040099004
102.8056112224449,81.01523388044642,0.006950096524970184,0.3998694494237023,0.11449760939616273,7.52226710455e-05,103.51205202624831
103.15631262525051,80.9644043382159,0.006880654296316629,0.3998684333975617,0.11433818279513255,7.52226710455e-05,103.44745099245243
103.50701402805612,80.91348613514371,0.0068121613020223045,0.3998675740478899,0.11417871926948313,7.52226710455e-05,103.38281732440464
103.85771543086173,80.86247948804531,0.006744604357456965,0.3998668582547065,0.11401921883206009,7.52226710455e-05,103.31815104690722
104.20841683366733,80.81138461374931,0.006677970472913804,0.3998662728980312,0.113859681495709,7.52226710455e-05,103.25345218476248
104.55911823647294,80.7602017290976,0.006612246850857333,0.39986580485788364,0.11370010727327551,7.52226710455e-05,103.18872076277265
104.90981963927855,80.7089310509451,0.006547420883208694,0.3998654410142834,0.11354049617760516,7.52226710455e-05,103.12395680574005
105.26052104208416,80.65757279615995,0.006483480148668085,0.39986516824725016,0.11338084822154358,7.52226710455e-05,103.05916033846692
105.61122244488978,80.60612718162352,0.006420412410073992,0.3998649734368035,0.11322116341793637,7.52226710455e-05,102.9943313857556
105.96192384769539,80.55459442423027,0.006358205611798668,0.3998648434629631,0.11306144177962912,7.52226710455e-05,102.92946997240831
106.312625250501,80.50297474088786,0.0062968478771796435,0.3998647652057486,0.11290168331946744,7.52226710455e-05,102.86457612322734
106.66332665330661,80.45126834851716,0.006236327505986641,0.39986472554517954,0.11274188805029693,7.52226710455e-05,102.79964986301496
107.01402805611222,80.39947546405212,0.006176632971923734,0.3998647113612756,0.1125820559849632,7.52226710455e-05,102.73469121657351
107.36472945891784,80.34759620920757,0.006117752809262165,0.3998647214700028,0.11242218707249024,7.52226710455e-05,102.66970020955563
107.71543086172345,80.29560058187953,0.006059640245672259,0.39986856767321455,0.11226226117536811,7.52226710455e-05,102.60467711659444
108.06613226452906,80.24346841008601,0.006002258668279087,0.3998789631751811,0.112102265105584,7.52226710455e-05,102.53962205309115
108.41683366733467,80.19120527236787,0.005945601180613334,0.3998954234229823,0.11194220301240738,7.52226710455e-05,102.47453488861922
108.76753507014028,80.138816747605,0.005889660918797719,0.3999174638636979,0.11178207904510765,7.52226710455e-05,102.40941549275209
109.1182364729459,80.08630841501606,0.005834431052885563,0.39994459994440773,0.11162189735295427,7.52226710455e-05,102.3442637350632
109.46893787575151,80.03368585415868,0.005779904788152529,0.39997634711219165,0.11146166208521673,7.52226710455e-05,102.27907948512599
109.81963927855712,79.9809546449293,0.005726075366342755,0.40001222081412946,0.11130137739116439,7.52226710455e-05,102.21386261251392
110.17034068136273,79.92812036756347,0.005672936066870103,0.40005173649730086,0.11114104742006677,7.52226710455e-05,102.14861298680043
110.52104208416834,79.87518860263557,0.005620480207975699,0.4000944096087859,0.11098067632119327,7.52226710455e-05,102.08333047755897
110.87174348697394,79.82216493105908,0.005568701147842457,0.40013975559566417,0.11082026824381333,7.52226710455e-05,102.01801495436298
111.22244488977955,79.76905493408643,0.005517592285667928,0.4001872899050157,0.11065982733719641,7.52226710455e-05,101.95266628678593
111.57314629258516,79.71574717455678,0.005467147062696043,0.4002365279839201,0.11049935775061195,7.52226710455e-05,101.88728434440122
111.92384769539078,79.6623396990824,0.005417358963208975,0.40028698527945733,0.1103388636333294,7.52226710455e-05,101.82186899678234
112.27454909819639,79.60887126173934,0.005368221515479821,0.4003381772387072,0.11017834913461819,7.52226710455e-05,101.75642011350273
112.625250501002,79.55534736375215,0.005319728292687359,0.40038961930874944,0.11001781840374777,7.52226710455e-05,101.69093756413581
112.97595190380761,79.50177350678383,0.0052718729137934146,0.400440826936664,0.10985727558998758,7.52226710455e-05,101.62542121825504
113.32665330661322,79.44815519294224,0.005224649044384099,0.40049131556953055,0.10969672484260708,7.52226710455e-05,101.55987094543389
113.67735470941884,79.39449792478608,0.005178050397475607,0.40054060065442904,0.10953617031087569,7.52226710455e-05,101.49428661524577
114.02805611222445,79.3408072053311,0.005132070734285651,0.40058819763843917,0.10937561614406285,7.52226710455e-05,101.42866809726415
114.37875751503006,79.28708853805597,0.0050867038649712,0.4006336219686409,0.10921506649143806,7.52226710455e-05,101.36301526106246
114.72945891783567,79.23334742690808,0.0050419436493336816,0.40067638909211395,0.10905452550227066,7.52226710455e-05,101.29732797621416
115.08016032064128,79.17958937630948,0.00499778399749235,0.4007160144559381,0.10889399732583019,7.52226710455e-05,101.2316061122927
115.4308617234469,79.12581989116241,0.004954218870526714,0.4007520135071933,0.10873348611138604,7.52226710455e-05,101.16584953887148
115.78156312625251,79.07204447685501,0.004911242281088925,0.4007839016929593,0.10857299600820768,7.52226710455e-05,101.10005812552403
116.13226452905812,79.01826863926675,0.004868848293987008,0.4008111944603158,0.10841253116556453,7.52226710455e-05,101.03423174182373
116.48296593186373,78.96449788477388,0.004827031026739688,0.40083340725634287,0.10825209573272605,7.52226710455e-05,100.96837025734403
116.83366733466934,78.9107377202548,0.004785784650103743,0.40085005552812014,0.10809169385896168,7.52226710455e-05,100.90247354165844
117.18436873747495,78.85696332622904,0.00474507954533693,0.40086332494239,0.10793131265273581,7.52226710455e-05,100.83654894189998
117.53507014028057,78.80314509697831,0.004704883955495184,0.40087590497651165,0.10777093519120731,7.52226710455e-05,100.77060323300162
117.88577154308618,78.74928402853828,0.004665191093691979,0.4008878337259916,0.10761056104582045,7.52226710455e-05,100.70463472920193
118.23647294589179,78.69538112382351,0.00462599427983722,0.4008991487039663,0.10745018979169069,7.52226710455e-05,100.63864174299866
118.5871743486974,78.64143738596242,0.00458728693372962,0.400909887423572,0.10728982100393362,7.52226710455e-05,100.57262258688957
118.93787575150301,78.58745381829875,0.004549062573502432,0.4009200873979447,0.10712945425766478,7.52226710455e-05,100.50657557337237
119.28857715430863,78.53343142439269,0.00451131481409488,0.40092978614022096,0.10696908912799966,7.52226710455e-05,100.44049901494488
119.63927855711424,78.47937120802212,0.00447403736574888,0.40093902116353686,0.1068087251900538,7.52226710455e-05,100.37439122410478
119.98997995991984,78.42527417318396,0.0044372240325305555,0.40094782998102874,0.10664836201894276,7.52226710455e-05,100.30825051334985
120.34068136272545,78.37114132409526,0.004400868710876222,0.4009562501058329,0.10648799918978206,7.52226710455e-05,100.24207519517785
120.69138276553106,78.31697366519441,0.004364965388162307,0.4009643190510855,0.10632763627768725,7.52226710455e-05,100.17586358208649
121.04208416833667,78.26277220114238,0.004329508141298925,0.40097207432992277,0.10616727285777385,7.52226710455e-05,100.10961398657356
121.39278557114228,78.20853793682382,0.0042944911353465995,0.40097955345548103,0.10600690850515736,7.52226710455e-05,100.0433247211368
121.7434869739479,78.15427187734818,0.0042599086221557746,0.4009867939408966,0.10584654279495337,7.52226710455e-05,99.97699409827392
122.09418837675351,78.09997502805098,0.004225754939028823,0.40099383329930566,0.10568617530227739,7.52226710455e-05,99.91062043048272
122.44488977955912,78.04564839449475,0.004192024507403955,0.40100070904384444,0.10552580560224495,7.52226710455e-05,99.84420203026094
122.79559118236473,77.99129298247026,0.004158711831560907,0.40100745868764925,0.10536543326997157,7.52226710455e-05,99.7777372101063
123.14629258517034,77.93690979799747,0.004125811497347827,0.40101411974385637,0.10520505788057283,7.52226710455e-05,99.71122428251657
123.49699398797596,77.88249984732674,0.004093318170929174,0.40102072972560193,0.10504467900916421,7.52226710455e-05,99.64466155998949
123.84769539078157,77.82806413693982,0.004061226597554116,0.40102732614602243,0.1048842962308613,7.52226710455e-05,99.57804735502282
124.19839679358718,77.77360367355082,0.004029531600345223,0.4010339465182539,0.10472390912077957,7.52226710455e-05,99.51137998011428
124.54909819639279,77.71911946410731,0.003998228079107018,0.40104062835543264,0.1045635172540346,7.52226710455e-05,99.44465774776167
124.8997995991984,77.66461251579128,0.003967311009154074,0.401047409170695,0.1044031202057419,7.52226710455e-05,99.37787897046272
125.250501002004,77.61008385607896,0.003936775440158353,0.40105432647717715,0.10424271755101701,7.52226710455e-05,99.31104196071516
125.60120240480961,77.5555363582812,0.003906616495015435,0.4010614177880154,0.10408230886497549,7.52226710455e-05,99.24414503101674
125.95190380761522,77.50097225944229,0.003876829368729312,0.401068720616346,0.10392189372273283,7.52226710455e-05,99.17718649386522
126.30260521042084,77.4463925807976,0.0038474093273154963,0.4010762724753052,0.1037614716994046,7.52226710455e-05,99.11016466175835
126.65330661322645,77.39179548667731,0.0038183464197714635,0.4010838218857179,0.10360104979369157,7.52226710455e-05,99.04309976475433
127.00400801603206,77.33717709404182,0.0037896283503987653,0.40109100521944835,0.10344063721819434,7.52226710455e-05,98.97601904427059
127.35470941883767,77.28253688754872,0.0037612500140703827,0.40109786012979537,0.10328023245146369,7.52226710455e-05,98.90891835365888
127.70541082164328,77.22787437642432,0.0037332064381267274,0.4011044269475614,0.1031198339018667,7.52226710455e-05,98.84179334005934
128.0561122244489,77.17318906996933,0.003705492732579422,0.40111074600354896,0.10295943997777054,7.52226710455e-05,98.77463965061209
128.4068136272545,77.11848047755826,0.0036781040885575157,0.40111685762856075,0.10279904908754227,7.52226710455e-05,98.70745293245726
128.75751503006012,77.0637481086391,0.0036510357767856995,0.40112280215339924,0.10263865963954899,7.52226710455e-05,98.64022883273492
129.10821643286573,77.00899147273297,0.0036242831460938023,0.40112861990886695,0.10247827004215782,7.52226710455e-05,98.57296299858524
129.45891783567134,76.95421007943361,0.0035978416219569305,0.40113435122576635,0.10231787870373586,7.52226710455e-05,98.50565107714829
129.80961923847696,76.89940343840703,0.0035717067050654583,0.4011400364349,0.10215748403265022,7.52226710455e-05,98.4382887155642
130.16032064128257,76.84457105939136,0.0035458739699242674,0.40114571586707054,0.101997084437268,7.52226710455e-05,98.37087156097307
130.51102204408818,76.78971245219597,0.0035203390634806347,0.4011514298530804,0.10183667832595632,7.52226710455e-05,98.30339526051506
130.8617234468938,76.7348271267016,0.0034950977037800264,0.40115721872373217,0.10167626410708225,7.52226710455e-05,98.23585546133023
131.2124248496994,76.67991459285973,0.003470145678649224,0.40116312280982824,0.10151584018901293,7.52226710455e-05,98.16824781055873
131.56312625250501,76.62497436069222,0.0034454788444062295,0.4011691824421714,0.10135540498011546,7.52226710455e-05,98.10056795534064
131.91382765531063,76.5700059402911,0.0034210931245962765,0.4011754379515641,0.10119495688875692,7.52226710455e-05,98.03281154281613
132.26452905811624,76.51500884181807,0.0033969845087534227,0.4011819296688087,0.10103449432330446,7.52226710455e-05,97.96497422012524
132.61523046092185,76.45998257550426,0.003373149051187115,0.40118869792470796,0.10087401569212513,7.52226710455e-05,97.89705163440816
132.96593186372746,76.40492665164976,0.0033495828697932906,0.40119578305006426,0.10071351940358608,7.52226710455e-05,97.82903943280495
133.31663326653307,76.3498405806235,0.0033262821448892537,0.4012032253756802,0.1005530038660544,7.52226710455e-05,97.76093326245575
133.6673346693387,76.29472387286275,0.003303243118072097,0.40121106523235833,0.1003924674878972,7.52226710455e-05,97.69272877050066
134.0180360721443,76.23957603887278,0.0032804620910998894,0.40121934295090117,0.10023190867748155,7.52226710455e-05,97.62442160407983
134.3687374749499,76.18439658922671,0.0032579354247952953,0.40122809886211125,0.10007132584317463,7.52226710455e-05,97.55600741033331
134.71943887775552,76.12918503456501,0.0032356595379710693,0.4012373732967911,0.09991071739334345,7.52226710455e-05,97.48748183640129
135.07014028056113,76.07394088559538,0.003213630906376964,0.40124720658574325,0.09975008173635519,7.52226710455e-05,97.4188405294238
135.42084168336675,76.01866365309229,0.0031918460616676,0.4012576390597703,0.09958941728057695,7.52226710455e-05,97.35007913654101
135.77154308617236,75.96335284789681,0.003170301590390816,0.4012687110496747,0.0994287224343758,7.52226710455e-05,97.28119330489307
136.12224448897797,75.90801216090034,0.003148994589294479,0.4012808553581811,0.0992680052741992,7.52226710455e-05,97.21220912634713
136.47294589178358,75.85264833160684,0.0031279223673724072,0.4012947660877637,0.0991072817150679,7.52226710455e-05,97.1431764067131
136.8236472945892,75.79726048325573,0.003107081327811665,0.4013104031207126,0.09894655065904112,7.52226710455e-05,97.07409063536117
137.1743486973948,75.74184758350611,0.003086467915998593,0.4013277115383955,0.09878581065427713,7.52226710455e-05,97.00494617982649
137.52505010020042,75.68640860004396,0.0030660786366802292,0.4013466364221807,0.09862506024893426,7.52226710455e-05,96.93573740764414
137.87575150300603,75.63094250058111,0.0030459100528189525,0.4013671228534361,0.09846429799117079,7.52226710455e-05,96.86645868634929
138.22645290581164,75.57544825285457,0.0030259587844719445,0.4013891159135297,0.09830352242914502,7.52226710455e-05,96.79710438347706
138.57715430861725,75.51992482462552,0.0030062215076948726,0.40141256068382963,0.09814273211101524,7.52226710455e-05,96.72766886656252
138.92785571142286,75.46437118367874,0.0029866949534692847,0.4014374022457038,0.09798192558493977,7.52226710455e-05,96.65814650314083
139.27855711422848,75.40878658554024,0.002967375906653096,0.4014635856805203,0.09782110139907692,7.52226710455e-05,96.5885316607471
139.62925851703406,75.35317217643454,0.0029482612049536597,0.40149105606964713,0.09766025810158499,7.52226710455e-05,96.51881870691643
139.97995991983967,75.29752736733256,0.0029293477379229178,0.40151975849445226,0.09749939424062225,7.52226710455e-05,96.44900200918397
140.33066132264528,75.24185111701024,0.0029106324459741194,0.4015496380363038,0.09733850836434702,7.52226710455e-05,96.37907593508481
140.6813627254509,75.18614238426443,0.0028921123194195347,0.40158063977656966,0.0971775990209176,7.52226710455e-05,96.3090348521541
141.0320641282565,75.130400127912,0.0028737843975288045,0.401612708796618,0.0970166647584923,7.52226710455e-05,96.23887312792694
141.38276553106212,75.07462330678855,0.0028556457676073574,0.40164579017781665,0.0968557041252294,7.52226710455e-05,96.16858512993845
141.73346693386773,75.0188108797473,0.0028376935640944513,0.4016798290015338,0.0966947156692872,7.52226710455e-05,96.09816522572375
142.08416833667334,74.962961805658,0.0028199249676804238,0.4017147703491374,0.09653369793882403,7.52226710455e-05,96.02760778281797
142.43486973947896,74.9070750434058,0.0028023372044426835,0.4017505593019955,0.09637264948199818,7.52226710455e-05,95.95690716875622
142.78557114228457,74.85114955189022,0.0027849275450000104,0.40178714094147605,0.09621156884696792,7.52226710455e-05,95.88605775107364
143.13627254509018,74.79518429002394,0.002767693303684787,0.40182446034894714,0.0960504545818916,7.52226710455e-05,95.8150538973053
143.4869739478958,74.7391782167319,0.0027506318377326674,0.40186246260577685,0.09588930523492749,7.52226710455e-05,95.74388997498637
143.8376753507014,74.68313029095012,0.0027337405464894276,0.40190109279333297,0.0957281193542339,7.52226710455e-05,95.67256035165194
144.18837675350701,74.62703947162473,0.0027170168706344604,0.40194029599298375,0.09556689548796912,7.52226710455e-05,95.60105939483715
144.53907815631263,74.57090471771089,0.0027004582914206196,0.4019800172860971,0.09540563218429148,7.52226710455e-05,95.5293814720771
144.88977955911824,74.5147249881718,0.0026840623299300673,0.40202020175404113,0.09524432799135925,7.52226710455e-05,95.45752095090694
145.24048096192385,74.45849924197775,0.002667826546345671,0.40206079447818377,0.09508298145733073,7.52226710455e-05,95.38547219886176
145.59118236472946,74.40223187299392,0.0026517506691858613,0.4021023700255014,0.09492159738381162,7.52226710455e-05,95.31325661996141
145.94188376753507,74.34593429634684,0.0026358371175651345,0.402146322529734,0.09476018906268681,7.52226710455e-05,95.24093118748752
146.2925851703407,74.28960576069893,0.0026200834939700606,0.40219264271189314,0.09459875615966923,7.52226710455e-05,95.16849293194122
146.6432865731463,74.23324500737354,0.0026044872425926443,0.40224126264293486,0.09443729776392927,7.52226710455e-05,95.09593637125077
146.9939879759519,74.17685077768836,0.002589045849109911,0.402292114393815,0.09427581296463729,7.52226710455e-05,95.02325602334439
147.34468937875752,74.12042181295422,0.002573756839899217,0.4023451300354896,0.09411430085096366,7.52226710455e-05,94.95044640615032
147.69539078156313,74.06395685447364,0.0025586177812708067,0.40240024163891447,0.09395276051207874,7.52226710455e-05,94.87750203759674
148.04609218436875,74.00745464353976,0.002543626278717412,0.40245738127504554,0.09379119103715292,7.52226710455e-05,94.80441743561195
148.39679358717436,73.95091392143492,0.0025287799761803094,0.40251648101483883,0.09362959151535656,7.52226710455e-05,94.73118711812413
148.74749498997997,73.89433342942951,0.0025140765553316093,0.40257747292925,0.09346796103586004,7.52226710455e-05,94.6578056030615
149.09819639278558,73.83771190878073,0.0024995137348723024,0.40264028908923527,0.09330629868783374,7.52226710455e-05,94.5842674083523
149.4488977955912,73.7810481007314,0.0024850892698457436,0.4027048615657503,0.09314460356044801,7.52226710455e-05,94.51056705192477
149.7995991983968,73.72434074650869,0.002470800950966194,0.40277112242975116,0.09298287474287326,7.52226710455e-05,94.43669905170711
150.15030060120242,73.66758858732312,0.0024566466039621032,0.4028390037521937,0.09282111132427982,7.52226710455e-05,94.36265792562759
150.501002004008,73.6107903643672,0.002442624088933797,0.4029084376040339,0.0926593123938381,7.52226710455e-05,94.28843819161438
150.8517034068136,73.55394481881434,0.0024287312997251648,0.4029793560562275,0.09249747704071842,7.52226710455e-05,94.21403436759574
151.20240480961922,73.4970506918179,0.002414966163309151,0.4030516911797306,0.09233560435409117,7.52226710455e-05,94.13944097149988
151.55310621242484,73.44010672450976,0.002401326639186637,0.40312537504549906,0.09217369342312678,7.52226710455e-05,94.06465252125507
151.90380761523045,73.38311165799944,0.002387810718798462,0.4032003397244887,0.09201174333699555,7.52226710455e-05,93.98966353478947
152.25450901803606,73.32606423337297,0.00237441642495023,0.40327651728765557,0.09184975318486788,7.52226710455e-05,93.91446853003136
152.60521042084167,73.26896319169184,0.0023611418112496983,0.4033538398059555,0.09168772205591416,7.52226710455e-05,93.83906202490893
152.95591182364728,73.21180727399181,0.0023479849615563966,0.4034322393503444,0.09152564903930473,7.52226710455e-05,93.76343853735045
153.3066132264529,73.1545954963895,0.0023349439894431835,0.4035116479917782,0.09136353322421,7.52226710455e-05,93.6875925852841
153.6573146292585,73.09732730259353,0.0023220170376695654,0.40359199780121285,0.09120137369980026,7.52226710455e-05,93.61151868663814
154.00801603206412,73.04000161311174,0.002309202277666415,0.4036732208496043,0.09103916955524596,7.52226710455e-05,93.53521135934078
154.35871743486973,72.98261732580812,0.0022964979090318955,0.4037552492079083,0.09087691987971748,7.52226710455e-05,93.45866512132024
154.70941883767534,72.92517333802489,0.002283902159038286,0.4038380149470809,0.09071462376238514,7.52226710455e-05,93.38187449050476
155.06012024048096,72.86767363413111,0.002271415576070542,0.4039219341899307,0.09055227358984932,7.52226710455e-05,93.30485211602694
155.41082164328657,72.81013213131118,0.002259043143484768,0.4040083788572736,0.09038985097566778,7.52226710455e-05,93.22764670535864
155.76152304609218,72.75254859343842,0.0022467834170910137,0.40409738564651365,0.09022735863050785,7.52226710455e-05,93.15025722449234
156.1122244488978,72.69492178677802,0.0022346345303688535,0.40418889673929337,0.09006480065450041,7.52226710455e-05,93.07267910755212
156.4629258517034,72.63725047706424,0.002222594645847584,0.40428285431725564,0.0899021811477762,7.52226710455e-05,92.99490778866215
156.81362725450902,72.57953342949814,0.002210661954581042,0.40437920056204313,0.08973950421046613,7.52226710455e-05,92.91693870194648
157.16432865731463,72.52176940874483,0.002198834675634154,0.4044778776552985,0.08957677394270094,7.52226710455e-05,92.83876728152926
157.51503006012024,72.46395717893134,0.0021871110555809615,0.40457882777866455,0.08941399444461148,7.52226710455e-05,92.7603889615346
157.86573146292585,72.40609550364387,0.002175489368013828,0.40468199311378394,0.0892511698163286,7.52226710455e-05,92.68179917608661
158.21643286573146,72.34818314592522,0.002163967913063634,0.40478731584229943,0.08908830415798305,7.52226710455e-05,92.60299335930942
158.56713426853707,72.29021886827238,0.002152545016930648,0.4048947381458537,0.08892540156970573,7.52226710455e-05,92.5239669453271
158.9178356713427,72.23220143263366,0.002141219031425873,0.4050042022060895,0.0887624661516274,7.52226710455e-05,92.4447153682638
159.2685370741483,72.17412960040616,0.002129988333522618,0.40511565020464946,0.08859950200387892,7.52226710455e-05,92.36523406224366
159.6192384769539,72.11600213243295,0.0021188513249180826,0.4052290243231765,0.0884365132265911,7.52226710455e-05,92.28551846139072
159.96993987975952,72.0578177890004,0.0021078064316047023,0.4053442667433131,0.08827350391989473,7.52226710455e-05,92.20556399982915
160.32064128256513,71.9995753298352,0.0020968521034510604,0.40546131964670207,0.08811047818392069,7.52226710455e-05,92.12536611168305
160.67134268537075,71.94127351410172,0.002085986813792134,0.40558012521498615,0.08794744011879974,7.52226710455e-05,92.04492023107652
161.02204408817636,71.88291110039893,0.002075209059028693,0.40570062562980813,0.08778439382466273,7.52226710455e-05,91.9642217921337
161.37274549098197,71.82448684675767,0.0020645173582356084,0.40582276307281057,0.08762134340164046,7.52226710455e-05,91.8832662289787
161.72344689378758,71.7659995106374,0.002053910252778933,0.4059464797256363,0.08745829294986379,7.52226710455e-05,91.80204897573563
162.0741482965932,71.70744784892354,0.002043386305941476,0.40607171776992795,0.08729524656946352,7.52226710455e-05,91.72056546652858
162.4248496993988,71.64883061792408,0.002032944102556759,0.40619841938732826,0.08713220836057047,7.52226710455e-05,91.6388111354817
162.77555110220442,71.59014657336662,0.0020225822486511498,0.40632652675948006,0.08696918242331543,7.52226710455e-05,91.55678141671906
163.12625250501003,71.53139447039536,0.0020122993710939402,0.4064559820680259,0.08680617285782927,7.52226710455e-05,91.47447174436483
163.47695390781564,71.4725730635677,0.0020020941172552843,0.4065867274946086,0.08664318376424278,7.52226710455e-05,91.39187755254308
163.82765531062125,71.41368110685114,0.0019919651546717416,0.40671870522087084,0.0864802192426868,7.52226710455e-05,91.30899427537796
164.17835671342687,71.35471735361998,0.0019819111707193022,0.4068518574284554,0.08631728339329212,7.52226710455e-05,91.22581734699354
164.52905811623248,71.2956849649933,0.0019719327851377417,0.4069864545979568,0.08615437944107376,7.52226710455e-05,91.14235175398811
164.8797595190381,71.23659947972165,0.0019620359686126,0.40712369960325817,0.08599150469448898,7.52226710455e-05,91.05862988837613
165.2304609218437,71.17746116249675,0.0019522200362896312,0.40726367085985843,0.08582865523821087,7.52226710455e-05,90.97465176310143
165.5811623246493,71.11826862360103,0.0019424836044442824,0.4074063241999066,0.08566582729536758,7.52226710455e-05,90.89041383944479
165.93186372745492,71.05902047271343,0.0019328253099258406,0.4075516154555512,0.08550301708908728,7.52226710455e-05,90.80591257868706
166.28256513026054,70.99971531890598,0.0019232438098086358,0.40769950045894093,0.08534022084249811,7.52226710455e-05,90.72114444210905
166.63326653306615,70.94035177064032,0.001913737781051081,0.4078499350422245,0.08517743477872819,7.52226710455e-05,90.63610589099162
166.98396793587176,70.88092846341921,0.0019043059201623823,0.4080028750375507,0.08501465512090567,7.52226710455e-05,90.55079338661554
167.33466933867737,70.82144695308439,0.0018949469428767602,0.4081582762770683,0.0848518780921587,7.52226710455e-05,90.46520339026165
167.68537074148298,70.7619075459905,0.0018856595838349839,0.40831609459292584,0.08468909991561542,7.52226710455e-05,90.37933236321079
168.0360721442886,70.7023084439399,0.001876442596273126,0.40847628581727213,0.08452631681440397,7.52226710455e-05,90.29317676674378
168.3867735470942,70.64264784936057,0.0018672947517182762,0.40863880578225587,0.08436352501165252,7.52226710455e-05,90.20673306214142
168.73747494989982,70.58292396530419,0.0018582148396911811,0.4088036103200259,0.08420072073048919,7.52226710455e-05,90.11999771068456
169.08817635270543,70.52313499544447,0.0018492016674155668,0.40897065526273063,0.0840379001940421,7.52226710455e-05,90.032967173654
169.43887775551104,70.46327914407557,0.0018402540595340415,0.40913989644251897,0.08387505962543944,7.52226710455e-05,89.94563791233057
169.78957915831666,70.4033546161106,0.0018313708578304307,0.40931128969153974,0.08371219524780933,7.52226710455e-05,89.8580063879951
170.14028056112227,70.34335961708037,0.0018225509209583975,0.4094847908419414,0.08354930328427991,7.52226710455e-05,89.77006906192842
170.49098196392788,70.2832923531321,0.0018137931241762168,0.4096603557258729,0.08338637995797932,7.52226710455e-05,89.68182239541132
170.8416833667335,70.2231510310286,0.0018050963590875637,0.40983794017548275,0.08322342149203572,7.52226710455e-05,89.59326284972465
171.19238476953907,70.16293385814726,0.001796459533388211,0.4100175000229198,0.08306042410957727,7.52226710455e-05,89.50438688614923
171.5430861723447,70.1026390424793,0.0017878815706184525,0.41019899110033275,0.08289738403373206,7.52226710455e-05,89.41519096596588
171.8937875751503,70.04226479262931,0.0017793614099211998,0.41038236923987026,0.08273429748762826,7.52226710455e-05,89.32567155045541
172.2444889779559,69.98180931781472,0.001770898005805578,0.41056759027368106,0.08257116069439402,7.52226710455e-05,89.23582510089867
172.59519038076152,69.92127082786554,0.0017624903279159136,0.4107546100339139,0.08240796987715748,7.52226710455e-05,89.14564807857644
172.94589178356713,69.86064753322412,0.0017541373608060166,0.4109433843527175,0.08224472125904679,7.52226710455e-05,89.05513694476959
173.29659318637275,69.79993764494532,0.001745838103718605,0.4111338690622405,0.08208141106319009,7.52226710455e-05,88.96428816075893
173.64729458917836,69.73913937469646,0.0017375915703698108,0.4113260199946316,0.08191803551271551,7.52226710455e-05,88.87309818782525
173.99799599198397,69.67825469656758,0.001729398191104977,0.41152000930955096,0.08175459561583623,7.52226710455e-05,88.78156726779889
174.34869739478958,69.61730051280826,0.0017212639620279413,0.41171687824389896,0.0815911130998646,7.52226710455e-05,88.68971101684461
174.6993987975952,69.55627740674711,0.0017131887914339527,0.41191674468485556,0.08142759139170215,7.52226710455e-05,88.5975291792017
175.0501002004008,69.49518338421713,0.0017051716404231573,0.41211957917347797,0.08126403078691954,7.52226710455e-05,88.50501894001704
175.40080160320642,69.43401645165997,0.0016972114849047985,0.4123253522508228,0.08110043158108739,7.52226710455e-05,88.41217748443752
175.75150300601203,69.37277461612554,0.0016893073153653275,0.4125340344579473,0.0809367940697764,7.52226710455e-05,88.31900199761006
176.10220440881764,69.31145588527197,0.0016814581366417678,0.4127455963359082,0.08077311854855716,7.52226710455e-05,88.2254896646815
176.45290581162325,69.2500582673655,0.0016736629677001613,0.4129600084257625,0.08060940531300037,7.52226710455e-05,88.13163767079878
176.80360721442887,69.18857977128073,0.0016659208414190356,0.41317724126856725,0.08044565465867665,7.52226710455e-05,88.03744320110874
177.15430861723448,69.12701840650084,0.0016582308043777828,0.4133972654053793,0.08028186688115664,7.52226710455e-05,87.94290344075833
177.5050100200401,69.06537218311814,0.0016505919166498028,0.4136200513772557,0.08011804227601102,7.52226710455e-05,87.84801557489436
177.8557114228457,69.00363911183472,0.0016430032516003776,0.4138455697252532,0.07995418113881042,7.52226710455e-05,87.7527767886638
178.2064128256513,68.94181720396321,0.0016354638956891019,0.41407379099042896,0.07979028376512548,7.52226710455e-05,87.6571842672135
178.55711422845692,68.87990447142768,0.0016279729482768439,0.4143046857138398,0.07962635045052688,7.52226710455e-05,87.56123519569032
178.9078156312625,68.81789892676491,0.0016205295214370861,0.4145382244365427,0.07946238149058525,7.52226710455e-05,87.46492675924122
179.25851703406812,68.75579858312555,0.0016131327397715847,0.41477437769959463,0.07929837718087122,7.52226710455e-05,87.36825614301304
179.60921843687373,68.69360145427555,0.001605781740230238,0.4150131160440526,0.07913433781695549,7.52226710455e-05,87.27122053215268
179.95991983967934,68.63130555459786,0.0015984756719350879,0.41525441001097346,0.07897026369440864,7.52226710455e-05,87.17381711180703
180.31062124248496,68.56890889909404,0.0015912136960083696,0.4154982301414141,0.07880615510880137,7.52226710455e-05,87.07604306712298
180.66132264529057,68.50640950338628,0.0015839949854044885,0.41574454697643165,0.07864201235570432,7.52226710455e-05,86.97789558324742
181.01202404809618,68.44380603437646,0.0015768187247458968,0.4159933310570829,0.07847783573068812,7.52226710455e-05,86.87937184532726
181.3627254509018,68.38110170723539,0.001569684110162745,0.4162445529244248,0.07831362552932346,7.52226710455e-05,86.78046903850934
181.7134268537074,68.31829578265548,0.0015625903491362327,0.4164981831195145,0.07814938204718094,7.52226710455e-05,86.6811843479406
182.06412825651302,68.25538642376023,0.0015555366603456112,0.4167541921834087,0.07798510557983122,7.52226710455e-05,86.5815149587679
182.41482965931863,68.19237179366056,0.0015485222735187084,0.4170125506571645,0.07782079642284499,7.52226710455e-05,86.48145805613812
182.76553106212424,68.1292500554528,0.0015415464292859475,0.4172732290818388,0.07765645487179287,7.52226710455e-05,86.38101082519819
183.11623246492985,68.06601937221693,0.0015346083790377598,0.4175361979984885,0.07749208122224549,7.52226710455e-05,86.28017045109499
183.46693386773546,68.0026811276043,0.0015277083242644066,0.41780156837871274,0.07732767369708737,7.52226710455e-05,86.1789349994997
183.81763527054107,67.9392548067568,0.0015208517613158623,0.4180702517623957,0.0771632193199718,7.52226710455e-05,86.07730759440325
184.1683366733467,67.87574221229939,0.0015140390456627577,0.4183424070644588,0.07699871722996966,7.52226710455e-05,85.9752867037548
184.5190380761523,67.81214118070643,0.0015072693873632744,0.41861802169351076,0.07683416917585231,7.52226710455e-05,85.87286972503414
184.8697394789579,67.74844954840464,0.0015005420073724118,0.41889708305816026,0.07666957690639108,7.52226710455e-05,85.77005405572102
185.22044088176352,67.68466515177045,0.001493856137386138,0.4191795785670157,0.07650494217035723,7.52226710455e-05,85.66683709329521
185.57114228456913,67.62078582712758,0.0014872110196890761,0.419465495628686,0.07634026671652215,7.52226710455e-05,85.56321623523648
185.92184368737475,67.55680941074473,0.0014806059070056248,0.41975482165177963,0.07617555229365706,7.52226710455e-05,85.4591888790246
186.27254509018036,67.49273373883308,0.001474040062354412,0.42004754404490524,0.07601080065053337,7.52226710455e-05,85.3547524221393
186.62324649298597,67.42855664754418,0.0014675127589060578,0.4203436502166715,0.07584601353592235,7.52226710455e-05,85.24990426206038
186.97394789579158,67.36427597296759,0.0014610232798441588,0.4206431275756871,0.07568119269859529,7.52226710455e-05,85.1446417962676
187.3246492985972,67.29988955112893,0.0014545709182294158,0.4209459635305605,0.07551633988732356,7.52226710455e-05,85.03896242224073
187.6753507014028,67.2353952179876,0.0014481549768668462,0.42125214548990053,0.07535145685087848,7.52226710455e-05,84.93286353745954
188.02605210420842,67.17079080943502,0.001441774768176037,0.4215616608623157,0.07518654533803129,7.52226710455e-05,84.82634253940377
188.37675350701403,67.10607416129247,0.0014354296140643502,0.4218744970564146,0.0750216070975534,7.52226710455e-05,84.7193968255532
188.72745490981964,67.04124310930936,0.0014291188458030088,0.42219064148080604,0.07485664387821604,7.52226710455e-05,84.6120237933876
189.07815631262525,66.97629548916144,0.001422841803906054,0.42251008154409847,0.07469165742879058,7.52226710455e-05,84.50422084038674
189.42885771543087,66.91122913644904,0.0014165978380120368,0.42283280465490075,0.07452664949804831,7.52226710455e-05,84.39598536403038
189.77955911823648,66.84604188669533,0.0014103863067684709,0.4231587982218213,0.07436162183476057,7.52226710455e-05,84.28731476179826
190.1302605210421,66.78073157534493,0.001404206577718917,0.42348804965346876,0.07419657618769865,7.52226710455e-05,84.17820643117018
190.4809619238477,66.71529603776214,0.0013980580271926834,0.4238205463584519,0.0740315143056339,7.52226710455e-05,84.0686577696259
190.8316633266533,66.64973310922973,0.001391940040197078,0.4241562757453793,0.07386643793733762,7.52226710455e-05,83.95866617464517
191.18236472945893,66.58404062494726,0.001385852010312146,0.4244952252228595,0.0737013488315811,7.52226710455e-05,83.8482290437078
191.53306613226454,66.51821642003007,0.0013797933395878561,0.42483738219950123,0.07353624873713568,7.52226710455e-05,83.73734377429349
191.88376753507015,66.45225832950783,0.0013737634384436742,0.4251827340839132,0.07337113940277265,7.52226710455e-05,83.62600776388203
192.23446893787576,66.38616418832343,0.0013677617255704734,0.4255312682847039,0.0732060225772634,7.52226710455e-05,83.51421840995323
192.58517034068137,66.3199318313318,0.0013617876278347347,0.425882972210482,0.07304090000937916,7.52226710455e-05,83.40197310998678
192.93587174348698,66.25356185930218,0.0013558411643868756,0.42623792260333676,0.07287577094702181,7.52226710455e-05,83.28926922911536
193.2865731462926,66.1870773423503,0.0013499271204786224,0.4265969346940007,0.07271061414795314,7.52226710455e-05,83.17610372916111
193.6372745490982,66.12048177609634,0.0013440461784761677,0.426960215475155,0.07254542574130353,7.52226710455e-05,83.0624735377269
193.98797595190382,66.05377247926317,0.0013381977268019456,0.42732777478265577,0.07238020740905629,7.52226710455e-05,82.94837562902077
194.33867735470943,65.98694677041554,0.0013323811621612103,0.4276996224523589,0.07221496083319476,7.52226710455e-05,82.83380697725073
194.68937875751504,65.92000196795826,0.0013265958894344665,0.4280757683201202,0.07204968769570232,7.52226710455e-05,82.71876455662485
195.04008016032066,65.85293807244348,0.0013208413215722757,0.4284562222217957,0.0718843896785623,7.52226710455e-05,82.60324534135115
195.39078156312627,65.78575844324996,0.0013151168794924351,0.4288409939932412,0.07171906846375802,7.52226710455e-05,82.48724630563767
195.74148296593188,65.71846026075593,0.0013094219919794464,0.4292300934703129,0.07155372573327283,7.52226710455e-05,82.37076442369245
196.0921843687375,65.65104044757535,0.0013037560955862434,0.4296235304888663,0.07138836316909011,7.52226710455e-05,82.25379666972353
196.4428857715431,65.58349592750903,0.0012981186345381345,0.4300213148847577,0.07122298245319314,7.52226710455e-05,82.13634001793893
196.79358717434872,65.51582362554596,0.0012925090606388922,0.43042345649384284,0.0710575852675653,7.52226710455e-05,82.01839144254669
197.14428857715433,65.44802046786518,0.001286926833178968,0.43082996515197775,0.07089217329418995,7.52226710455e-05,81.89994791775486
197.49498997995994,65.380083381838,0.0012813714188457752,0.43124085069501816,0.0707267482150504,7.52226710455e-05,81.78100641777145
197.84569138276555,65.31200929603085,0.0012758422916359998,0.4316561229588201,0.07056131171213,7.52226710455e-05,81.66156391680454
198.19639278557116,65.2437951402083,0.0012703389327698936,0.43207579177923955,0.07039586546741211,7.52226710455e-05,81.54161738906214
198.54709418837678,65.17543784533683,0.001264860830607503,0.43249986699213233,0.07023041116288004,7.52226710455e-05,81.42116380875228
198.8977955911824,65.10693434358875,0.0012594074805668046,0.4329283584333544,0.07006495048051717,7.52226710455e-05,81.300200150083
199.248496993988,65.03828156834682,0.0012539783850436894,0.43336127593876184,0.0698994851023068,7.52226710455e-05,81.17872338726232
199.5991983967936,64.9694764542092,0.001248573053333781,0.4337986293442103,0.0697340167102323,7.52226710455e-05,81.05673049449834
199.94989979959922,64.90051593699485,0.001243191001556004,0.4342404284855559,0.06956854698627703,7.52226710455e-05,80.93421844599902
200.30060120240483,64.8313969537494,0.001237831752577912,0.4346866831986544,0.0694030776124243,7.52226710455e-05,80.81118421597246
200.65130260521045,64.76211644275143,0.0012324948359427098,0.4351374033193618,0.06923761027065745,7.52226710455e-05,80.68762477862666
201.00200400801603,64.69267134351925,0.0012271797877979331,0.435592598683534,0.06907214664295988,7.52226710455e-05,80.56353710816967
201.35270541082164,64.62305859681808,0.00122188615082574,0.43605227912702704,0.06890668841131484,7.52226710455e-05,80.43891817880947
201.70340681362725,64.55327514466775,0.001216613474174827,0.4365164544856968,0.06874123725770574,7.52226710455e-05,80.31376496475418
202.05410821643287,64.48331793035071,0.0012113613133938452,0.436985134595399,0.0685757948641159,7.52226710455e-05,80.18807444021182
202.40480961923848,64.4131862517878,0.001206129569993625,0.437458383756824,0.06841036120798653,7.52226710455e-05,80.0618436742365
202.7555110220441,64.34290823254656,0.001200922325975724,0.4379369494412494,0.06824491525276498,7.52226710455e-05,79.93507054259166
203.1062124248497,64.27248988164119,0.0011957405090746935,0.43842110175627313,0.06807945168763799,7.52226710455e-05,79.80775126866715
203.4569138276553,64.20192731704437,0.001190583629804135,0.4389108859774282,0.06791397233183658,7.52226710455e-05,79.6798815864987
203.80761523046093,64.1312166578957,0.0011854512053141204,0.4394063473802478,0.06774847900459177,7.52226710455e-05,79.55145723012203
204.15831663326654,64.06035402450863,0.0011803427593126289,0.43990753124026494,0.06758297352513466,7.52226710455e-05,79.42247393357287
204.50901803607215,63.98933553837768,0.0011752578219886938,0.44041448283301277,0.06741745771269626,7.52226710455e-05,79.29292743088693
204.85971943887776,63.918157322186765,0.0011701959299372762,0.44092724743402445,0.0672519333865076,7.52226710455e-05,79.16281345609995
205.21042084168337,63.84681549981766,0.0011651566260857673,0.44144587031883303,0.06708640236579975,7.52226710455e-05,79.03212774324764
205.56112224448898,63.77530619635919,0.0011601394596221389,0.44197039676297156,0.0669208664698037,7.52226710455e-05,78.90086602636572
205.9118236472946,63.70362553811693,0.001155143985924675,0.4425008720419733,0.06675532751775055,7.52226710455e-05,78.7690240394899
206.2625250501002,63.6317696526235,0.0011501697664932438,0.44303734143137125,0.06658978732887129,7.52226710455e-05,78.63659751665591
206.61322645290582,63.55973466864944,0.0011452163688820917,0.4435798502066985,0.06642424772239695,7.52226710455e-05,78.50358219189948
206.96392785571143,63.487516716214635,0.0011402833666341286,0.4441284436434883,0.06625871051755865,7.52226710455e-05,78.36997379925633
207.31462925851704,63.41511192660032,0.0011353703392166454,0.44468316701727356,0.06609317753358736,7.52226710455e-05,78.23576807276216
207.66533066132266,63.342516432361464,0.0011304768719584512,0.4452440656035875,0.06592765058971414,7.52226710455e-05,78.10096074645271
208.01603206412827,63.26972636734011,0.0011256025559883932,0.4458111846779632,0.06576213150517003,7.52226710455e-05,77.9655475543637
208.36673346693388,63.19673786667892,0.0011207469881752182,0.4463845695159338,0.06559662209918607,7.52226710455e-05,77.82952423053085
208.71743486973946,63.123547202984575,0.0011159097710687444,0.4469642653930324,0.06543112419099331,7.52226710455e-05,77.69288650898987
209.06813627254508,63.05016813139315,0.0011110905128423243,0.4475503175847921,0.06526563959982278,7.52226710455e-05,77.55563012377648
209.4188376753507,62.97660806647819,0.0011062888272365596,0.4481427713667459,0.06510017014490549,7.52226710455e-05,77.41775080892644
209.7695390781563,62.902861679952494,0.0011015043335042191,0.44874167201442705,0.06493471764547253,7.52226710455e-05,77.27924429847542
210.1202404809619,62.828923650510674,0.0010967366563563556,0.4493470648033687,0.0647692839207549,7.52226710455e-05,77.14010632645916
210.47094188376752,62.75478866386462,0.001091985425909583,0.4499589950091038,0.06460387078998367,7.52226710455e-05,77.0003326269134
210.82164328657313,62.68045141278195,0.0010872502776344624,0.4505775079071656,0.06443848007238985,7.52226710455e-05,76.85991893387383
211.17234468937875,62.6059065971276,0.0010825308523050104,0.4512026487730871,0.06427311358720451,7.52226710455e-05,76.7188609813762
211.52304609218436,62.53114892390866,0.00107782679594924,0.4518344628824014,0.06410777315365868,7.52226710455e-05,76.5771545034562
211.87374749498997,62.45617503831723,0.0010731379446315312,0.4524730255141717,0.06394245952678118,7.52226710455e-05,76.43479579466414
212.22444889779558,62.38102010568746,0.0010684678384536932,0.4531190333945908,0.0637771520262066,7.52226710455e-05,76.29179178224457
212.5751503006012,62.305693969598074,0.0010638176292405495,0.453772846240121,0.06361184341454298,7.52226710455e-05,76.14814069970627
212.9258517034068,62.23018996964782,0.0010591868986487309,0.4544345753188649,0.0634465354799947,7.52226710455e-05,76.00383579572402
213.27655310621242,62.15450145258074,0.0010545752341510172,0.455104331898925,0.06328123001076605,7.52226710455e-05,75.85887031897255
213.62725450901803,62.07862177233157,0.001049982228972339,0.4557822272484036,0.06311592879506148,7.52226710455e-05,75.7132375181267
213.97795591182364,62.00254429007482,0.0010454074820271729,0.45646837263540346,0.06295063362108526,7.52226710455e-05,75.56693064186123
214.32865731462925,61.926262374277876,0.001040850597858273,0.4571628793280268,0.0627853462770418,7.52226710455e-05,75.41994293885092
214.67935871743487,61.84976940075795,0.0010363111865767374,0.45786585859437645,0.06262006855113543,7.52226710455e-05,75.27226765777056
215.03006012024048,61.7730587527429,0.0010317888638033397,0.45857742170255467,0.0624548022315705,7.52226710455e-05,75.1238980472949
215.3807615230461,61.69612382093592,0.0010272832506111119,0.45929767992066406,0.062289549106551385,7.52226710455e-05,74.97482735609876
215.7314629258517,61.61895800358406,0.0010227939734691242,0.46002674451680714,0.06212431096428241,7.52226710455e-05,74.82504883285687
216.0821643286573,61.54155470655067,0.0010183206641874694,0.4607647267590863,0.06195908959296797,7.52226710455e-05,74.67455572624405
216.43286573146293,61.463907343391604,0.0010138629598633532,0.4615117379156042,0.0617938867808124,7.52226710455e-05,74.5233412849351
216.78356713426854,61.38600933543533,0.0010094205028283176,0.4622678892544632,0.06162870431602005,7.52226710455e-05,74.37139875760475
217.13426853707415,61.30785411186684,0.0010049929405965227,0.4630332920437659,0.06146354398679528,7.52226710455e-05,74.21872139292782
217.48496993987976,61.22943510981545,0.001000579925814075,0.4638080575516147,0.061298407581342446,7.52226710455e-05,74.06530243957906
217.83567134268537,61.15074577444631,0.0009961811162093601,0.46459229704611227,0.0611332968878659,7.52226710455e-05,73.91113514623326
218.18637274549098,61.07177955905587,0.0009917961745443443,0.4653861217953611,0.060968213694569985,7.52226710455e-05,73.75621276156521
218.5370741482966,60.99252992517101,0.0009874247685668122,0.4661896430674634,0.060803159789659084,7.52226710455e-05,73.60052853424969
218.8877755511022,60.9129903426521,0.0009830665709635183,0.467002972130522,0.06063813696133754,7.52226710455e-05,73.44407571296148
219.23847695390782,60.8331542897997,0.0009787212593142006,0.4678262202526392,0.060473146997809694,7.52226710455e-05,73.28684754637534
219.58917835671343,60.75301525346522,0.0009743885160464288,0.4686594987019177,0.06030819168727992,7.52226710455e-05,73.12883728316606
219.93987975951904,60.67256672916524,0.0009700680283912667,0.4695029187464598,0.06014327281795256,7.52226710455e-05,72.97003817200846
220.29058116232466,60.59180222119962,0.0009657594883396953,0.4703565916543681,0.059978392178031976,7.52226710455e-05,72.81044346157728
220.64128256513027,60.510715242773394,0.0009614625925997684,0.47122062869374526,0.0598135515557225,7.52226710455e-05,72.65004640054728
220.99198396793588,60.42929931612238,0.0009571770425544793,0.4720951411326934,0.059648752739228525,7.52226710455e-05,72.4888402375933
221.3426853707415,60.3475494170473,0.0009529026368386897,0.4729802527751512,0.05948399704612422,7.52226710455e-05,72.3268191282506
221.6933867735471,60.265514740048495,0.0009486426630318148,0.4738765963855079,0.05931926783003664,7.52226710455e-05,72.16401051428917
222.04408817635272,60.18321552608432,0.0009443985801165067,0.47478466159166455,0.05915455703523885,7.52226710455e-05,72.00042154754867
222.39478957915833,60.10064280522787,0.0009401699833134394,0.47570470281059335,0.05898986598290654,7.52226710455e-05,71.83604067675186
222.74549098196394,60.01780020455462,0.0009359564737531495,0.4766369744592664,0.05882519599421538,7.52226710455e-05,71.67085635062155
223.09619238476955,59.93478027276712,0.0009317576584124784,0.4775817309546558,0.05866054839034099,7.52226710455e-05,71.50485701788051
223.44689378757516,59.85159020170907,0.0009275731500523005,0.4785392267137334,0.05849592449245907,7.52226710455e-05,71.3380311272516
223.79759519038078,59.768213666433375,0.0009234025671564963,0.47950971615347154,0.05833132562174527,7.52226710455e-05,71.17036712745754
224.1482965931864,59.68463438515214,0.0009192455338721138,0.4804934536908421,0.058166753099375246,7.52226710455e-05,71.00185346722117
224.498997995992,59.60083611932454,0.0009151016799506587,0.4814906937428173,0.05800220824652467,7.52226710455e-05,70.83247859526529
224.8496993987976,59.51680267379246,0.0009109706406904771,0.4825016907263691,0.057837692384369185,7.52226710455e-05,70.66223096031267
225.20040080160322,59.43251789696344,0.0009068520568801702,0.4835266990584697,0.057673206834084466,7.52226710455e-05,70.49109901108609
225.55110220440883,59.34796568104077,0.000902745574742969,0.4845659731560912,0.05750875291684615,7.52226710455e-05,70.31907119630839
225.90180360721445,59.26312996230077,0.0008986508458820501,0.48561976743620544,0.05734433195382994,7.52226710455e-05,70.14613596470234
226.25250501002006,59.177994721416674,0.0008945675272267066,0.48668833631578473,0.057179945266211465,7.52226710455e-05,69.97228176499073
226.60320641282567,59.09254398382917,0.00089049528097933,0.487771934211801,0.05701559417516641,7.52226710455e-05,69.79749704589638
226.95390781563128,59.0067618201634,0.0008864337745631528,0.4888708155412264,0.05685128000187041,7.52226710455e-05,69.62177025614207
227.3046092184369,58.92063234669208,0.0008823826805706692,0.48998523472103306,0.05668700406749915,7.52226710455e-05,69.44508984445058
227.6553106212425,58.83413972584453,0.0008783416767127112,0.4911154461681929,0.05652276769322828,7.52226710455e-05,69.26744425954472
228.0060120240481,58.74726816676175,0.0008743104457680818,0.4922617042996782,0.05635857220023346,7.52226710455e-05,69.0888219501473
228.3567134268537,58.66000192589663,0.0008702886755337091,0.4934242635324609,0.05619441890969035,7.52226710455e-05,68.90921136498108
228.7074148296593,58.57232530765985,0.0008662760587752467,0.49460337828351314,0.056030309142774605,7.52226710455e-05,68.72860095276889
229.05811623246493,58.48422266511064,0.0008622722931780491,0.4957993029698069,0.055866244220661894,7.52226710455e-05,68.5469791622335
229.40881763527054,58.39567840069252,0.0008582770812984679,0.49701229200831437,0.05570222546452788,7.52226710455e-05,68.36433444209769
229.75951903807615,58.30667696701361,0.0008542901305153903,0.4982425998160076,0.05553825419554824,7.52226710455e-05,68.18065524108431
230.11022044088176,58.2172028676713,0.0008503111529819447,0.4994904808098587,0.055374331734898585,7.52226710455e-05,67.9959300079161
230.46092184368737,58.12724065812108,0.0008463398655773,0.5007561894068396,0.05521045940375463,7.52226710455e-05,67.8101471913159
230.81162324649299,58.03677579025364,0.0008423760281918004,0.502039981487919,0.05504663844903035,7.52226710455e-05,67.62329606980842
231.1623246492986,57.94587574854903,0.0008384231326000736,0.5033423314602151,0.05488286254085595,7.52226710455e-05,67.43544553796406
231.5130260521042,57.854576445438184,0.0008344832470734338,0.5046639051257986,0.054719126968202206,7.52226710455e-05,67.24663010413768
231.86372745490982,57.76285754861177,0.0008305558907530699,0.5060053196954724,0.05455543174329226,7.52226710455e-05,67.05682824960537
232.21442885771543,57.67069878002323,0.0008266405902125732,0.5073671923800392,0.05439177687834922,7.52226710455e-05,66.86601845564327
232.56513026052104,57.578079916937895,0.0008227368793698416,0.5087501403903022,0.05422816238559619,7.52226710455e-05,66.67417920352744
232.91583166332666,57.484980793039156,0.0008188442994003162,0.5101547809370638,0.054064588277256326,7.52226710455e-05,66.4812889745341
233.26653306613227,57.3913812995909,0.0008149623986513833,0.5115817312311272,0.05390105456555271,7.52226710455e-05,66.28732624993931
233.61723446893788,57.29726138665637,0.0008110907325578312,0.5130316084832951,0.053737561262708476,7.52226710455e-05,66.0922695110192
233.9679358717435,57.20260106437271,0.0008072288635581707,0.5145050299043705,0.05357410838094674,7.52226710455e-05,65.89609723904988
234.3186372745491,57.10738040428107,0.0008033763610116844,0.5160026127051563,0.053410695932490614,7.52226710455e-05,65.69878791530749
234.66933867735472,57.01157954071189,0.0007995328011160291,0.5175249740964553,0.05324732392956321,7.52226710455e-05,65.50032002106816
235.02004008016033,56.9151786722247,0.0007956977668252253,0.5190727312890704,0.05308399238438764,7.52226710455e-05,65.30067203760795
235.37074148296594,56.81815806310253,0.0007918708477678405,0.5206465014938043,0.05292070130918706,7.52226710455e-05,65.09982244620305
235.72144288577155,56.72049804489997,0.0007880516401651952,0.5222469019214601,0.05275745071618455,7.52226710455e-05,64.89774972812957
236.07214428857716,56.622179018044825,0.0007842397467493744,0.5238745497828405,0.05259424061760323,7.52226710455e-05,64.6944323646636
236.42284569138278,56.52318145349284,0.0007804347766808438,0.5255300622887484,0.05243107102566624,7.52226710455e-05,64.48984883708128
236.7735470941884,56.42351771983195,0.0007766363454654485,0.5272140566499869,0.05226794195259669,7.52226710455e-05,64.28397762665873
237.124248496994,56.32324959793751,0.0007728440748705544,0.5289271500773584,0.05210485341061767,7.52226710455e-05,64.07679721467206
237.4749498997996,56.22236989179225,0.0007690575928400862,0.5306699597816664,0.05194180541195232,7.52226710455e-05,63.86828608239739
237.82565130260522,56.120868124844016,0.0007652765334081895,0.5324431029737131,0.05177879796882376,7.52226710455e-05,63.65842271111086
238.17635270541084,56.01873381860147,0.0007615005366112449,0.5342471968643019,0.05161583109345512,7.52226710455e-05,63.44718558208857
238.52705410821645,55.915956492695024,0.0007577292483979136,0.5360828586642352,0.05145290479806948,7.52226710455e-05,63.23455317660667
238.87775551102206,55.8125256649326,0.0007539623205369015,0.5379507055843162,0.051290019094889984,7.52226710455e-05,63.02050397594125
239.22845691382767,55.70843085135046,0.0007501994105220835,0.5398513548353479,0.051127173996139745,7.52226710455e-05,62.80501646136844
239.57915831663328,55.60366156625887,0.0007464401814746091,0.5417854236281328,0.050964369514041874,7.52226710455e-05,62.58806911416436
239.9298597194389,55.498207322282944,0.0007426843020415907,0.5437535291734742,0.050801605660819475,7.52226710455e-05,62.369640415605126
240.2805611222445,55.39205780576807,0.0007389314524380602,0.5457562875536135,0.05063888245875828,7.52226710455e-05,62.14970907983047
240.63126252505012,55.2853398809508,0.0007351861210210176,0.547793620092317,0.05047620761757054,7.52226710455e-05,61.92843451549747
240.98196392785573,55.178153832879424,0.0007314518511455681,0.549866318522378,0.050313586638326975,7.52226710455e-05,61.70593541702487
241.33266533066134,55.07047718350151,0.0007277278897491002,0.5519761269367202,0.05015101781951681,7.52226710455e-05,61.48216621349092
241.68336673346695,54.962287451899776,0.0007240134956207145,0.5541247894282667,0.04998849945962929,7.52226710455e-05,61.257081333973915
242.03406813627257,54.85356215457257,0.0007203079391904531,0.5563140500899411,0.049826029857153634,7.52226710455e-05,61.03063520755211
242.38476953907815,54.74427880570343,0.0007166105023172062,0.5585456530146662,0.049663607310579075,7.52226710455e-05,60.80278226330378
242.73547094188376,54.63441491741987,0.0007129204780743642,0.5608213422953658,0.04950123011839484,7.52226710455e-05,60.573476930307194
243.08617234468937,54.52394800004125,0.000709237170532172,0.5631428620249633,0.04933889657909016,7.52226710455e-05,60.34267363764062
243.43687374749499,54.412855562315805,0.0007055598945356929,0.5655119562963818,0.04917660499115426,7.52226710455e-05,60.11032681438235
243.7875751503006,54.30111511164665,0.0007018879754771512,0.5679303692025447,0.049014353653076395,7.52226710455e-05,59.87639088961064
244.1382765531062,54.188704154307125,0.0006982207490613204,0.5703998448363752,0.04885214086334578,7.52226710455e-05,59.64082029240375
244.48897795591182,54.07560019564504,0.0006945575610625041,0.5729221272907972,0.04868996492045161,7.52226710455e-05,59.40356945183995
244.83967935871743,53.96178074027609,0.0006908977670714919,0.5754989606587333,0.04852782412288318,7.52226710455e-05,59.164592796997546
245.19038076152304,53.84722329226642,0.0006872407322306833,0.5781320890331071,0.04836571676912968,7.52226710455e-05,58.92384475695478
245.54108216432866,53.731905355304114,0.0006835858309554198,0.580823256506842,0.04820364115768036,7.52226710455e-05,58.681279760789934
245.89178356713427,53.61580443285995,0.0006799324466392717,0.5835742071728613,0.04804159558702444,7.52226710455e-05,58.43685223758128
246.24248496993988,53.49889802833719,0.0006762799713408179,0.5863866851240885,0.04787957835565114,7.52226710455e-05,58.19051661640709
246.5931863727455,53.381163645210314,0.0006726278054491005,0.5892624344534468,0.047717587762049714,7.52226710455e-05,57.94222732634561
246.9438877755511,53.26257878715305,0.0006689753573246147,0.5922031992538597,0.04755562210470936,7.52226710455e-05,57.69193879647513
247.29458917835672,53.14312095815538,0.0006653220429122332,0.5952107236182502,0.04739367968211935,7.52226710455e-05,57.43960545587394
247.64529058116233,53.02276766262956,0.0006616672853220088,0.5982867516395416,0.04723175879276889,7.52226710455e-05,57.1851817336203
247.99599198396794,52.901496405505334,0.0006580105143731948,0.6014330274106577,0.047069857735147214,7.52226710455e-05,56.92862205879246
248.34669338677355,52.77928469231421,0.0006543511660961432,0.6046512950245215,0.04690797480774355,7.52226710455e-05,56.66988086046872
248.69739478957916,52.65611002926276,0.0006506886821859311,0.6079432985740565,0.04674610830904713,7.52226710455e-05,56.408912567727334
249.04809619238478,52.53194992329513,0.0006470225094005913,0.611310782152186,0.04658425653754719,7.52226710455e-05,56.14567160964658
249.3987975951904,52.40678188214447,0.0006433520988956666,0.6147554898518335,0.046422417791732944,7.52226710455e-05,55.880112415304694
249.749498997996,52.280583414373666,0.0006396769054854135,0.6182791657659219,0.04626059037009364,7.52226710455e-05,55.612189413780015
250.1002004008016,52.153607250880526,0.0006360043139696492,0.6218771220401554,0.046098722912434185,7.52226710455e-05,55.342320052356996
250.45090180360722,52.02611581162957,0.0006323421575317171,0.6255470740148209,0.045936766668404974,7.52226710455e-05,55.07094208146561
250.80160320641284,51.89667515612484,0.0006286887437007368,0.6292960157157302,0.04577473566644532,7.52226710455e-05,54.79793270138276
251.15230460921845,51.764333956736856,0.0006250423891812763,0.6331309514357095,0.04561264400882125,7.52226710455e-05,54.523168439256594
251.50300601202406,51.62917964423472,0.0006214014297894262,0.6370588854675854,0.04545050579779879,7.52226710455e-05,54.24652582223526
251.85370741482967,51.491298978977206,0.0006177642187519456,0.6410868221041841,0.04528833513564394,7.52226710455e-05,53.96788137746686
252.20440881763528,51.35077794636638,0.000614129124827744,0.6452217656383317,0.04512614612462276,7.52226710455e-05,53.687111632099594
252.5551102204409,51.20770165720459,0.0006104945302106613,0.6494707203628545,0.0449639528670013,7.52226710455e-05,53.40409311328158
252.9058116232465,51.062154252956965,0.0006068588281629711,0.6538406905705788,0.04480176946504554,7.52226710455e-05,53.118702348160966
253.25651302605212,50.91421881590281,0.0006032204203167925,0.6583386805543312,0.04463961002102155,7.52226710455e-05,52.83081586388588
253.60721442885773,50.7639772841413,0.0005995777135644786,0.6629716946069377,0.044477488637195334,7.52226710455e-05,52.54031018760447
253.95791583166334,50.61151037140067,0.0005959291164377617,0.6677467370212248,0.04431541941583293,7.52226710455e-05,52.24706184646488
254.30861723446895,50.45689749158457,0.0005922730348468116,0.6726708120900191,0.044153416459200345,7.52226710455e-05,51.95094736761523
254.65931863727457,50.30021668797476,0.0005886078670114869,0.6777509241061462,0.04399149386956364,7.52226710455e-05,51.651843278203714
255.01002004008018,50.14154456699627,0.0005849319973632885,0.6829940773624329,0.04382966574918884,7.52226710455e-05,51.349626105378434
255.3607214428858,49.98095623643889,0.0005812437891210208,0.6884072761517052,0.043667946200341964,7.52226710455e-05,51.044172376287555
255.7114228456914,49.81852524801802,0.0005775415751351095,0.6939975247667894,0.043506349325289045,7.52226710455e-05,50.73535861807919
256.062124248497,49.65432354414754,0.0005738236464375968,0.6997718275005125,0.04334488922629611,7.52226710455e-05,50.42306135790151
256.4128256513026,49.48842140878874,0.0005700882376986731,0.7057371886456999,0.04318358000562919,7.52226710455e-05,50.10715712290265
256.76352705410824,49.320887422230896,0.0005663335084280393,0.7119006124951788,0.04302243576555429,7.52226710455e-05,49.78752244023071
257.11422845691385,49.15178841965241,0.0005625575181860223,0.7182691033417747,0.04286147060833749,7.52226710455e-05,49.46403383703391
257.4649298597194,48.98118945330483,0.0005587581931310031,0.724849665478313,0.04270069863624481,7.52226710455e-05,49.1365678404604
257.815631262525,48.80915375815676,0.0005549332796321759,0.7316493031976222,0.04254013395154223,7.52226710455e-05,48.80500097765822
258.16633266533063,48.635742720830564,0.0005510802778271524,0.7386750207925277,0.04237979065649581,7.52226710455e-05,48.46920977577557
258.51703406813624,48.46101585165984,0.0005471963426304673,0.7459338225558565,0.042219682853371555,7.52226710455e-05,48.12907076196056
258.86773547094185,48.28503075969348,0.0005432781288560298,0.7534327127804333,0.04205982464443555,7.52226710455e-05,47.78446046336139
259.21843687374746,48.107843130469135,0.0005393215333007686,0.7611786957590854,0.04190023013195378,7.52226710455e-05,47.435255407126164
259.5691382765531,47.931464277156344,0.000535365686296051,0.7690838420559213,0.04173645474244718,7.52226710455e-05,47.085505285114685
259.9198396793587,47.75859120774754,0.0005314621496449059,0.7770449731559286,0.04156254929825753,7.52226710455e-05,46.740708503320526
260.2705410821643,47.58879822615395,0.0005275866955184376,0.7851225183573934,0.04137971648247685,7.52226710455e-05,46.39969688438463
260.6212424849699,47.42162865505705,0.0005237028648897463,0.7933784440451813,0.041189228537570954,7.52226710455e-05,46.06123728085102
260.9719438877755,47.2566252637116,0.0005197017300809372,0.8018747166041583,0.04099235770600563,7.52226710455e-05,45.72409654526366
261.32264529058114,47.09333022209539,0.000516611390774018,0.8106733024191884,0.04079037623024671,7.52226710455e-05,45.38704153016663
261.67334669338675,46.93128503236742,0.0005136409013062677,0.8198361678751378,0.040584556352759975,7.52226710455e-05,45.04883908810388
262.02404809619236,46.770030437603474,0.0005106830141711634,0.8294252793568718,0.040376170316011234,7.52226710455e-05,44.70825607161942
262.37474949899797,46.6091063077493,0.0005077262028946057,0.839502603249256,0.04016649036246629,7.52226710455e-05,44.36405933325725
262.7254509018036,46.44805150269963,0.0005047592081785986,0.8501301059371555,0.039956788734590944,7.52226710455e-05,44.01501572556138
263.0761523046092,46.2864037123728,0.0005017710388819562,0.861369753805436,0.039748337674850996,7.52226710455e-05,43.65989210107581
263.4268537074148,46.12369927360974,0.0004987509754364303,0.8732835132389642,0.039542409425712244,7.52226710455e-05,43.29745531234451
263.7775551102204,45.95947296367769,0.000495688575591033,0.8859333506226029,0.03934027622964051,7.52226710455e-05,42.92647221191154
264.12825651302603,45.79325777010755,0.0004925736823745358,0.8993812323412189,0.039143210329101584,7.52226710455e-05,42.54570965232088
264.47895791583164,45.62438520911211,0.0004893964341620348,0.9136891247796776,0.03895248396656127,7.52226710455e-05,42.15393448611652
264.82965931863725,45.450632975923774,0.00048614727672608425,0.9289189943228442,0.03876936938448537,7.52226710455e-05,41.749913565842476
265.18036072144287,45.27105031151563,0.0004828169771464099,0.9451328073555844,0.03859513882533969,7.52226710455e-05,41.33241374404274
265.5310621242485,45.08507862898984,0.0004793966394447283,0.9623925302627634,0.03843106453159002,7.52226710455e-05,40.90020187326133
265.8817635270541,44.89215934144859,0.00047587772180274495,0.9807601294292485,0.03827841874570217,7.52226710455e-05,40.45204480604219
266.2324649298597,44.69173386199409,0.0004722520552122936,1.0002975712399018,0.03813847371014195,7.52226710455e-05,39.98670939492941
266.5831663326653,44.48324360372852,0.00046851186339675347,1.0210668220795902,0.038012501667375166,7.52226710455e-05,39.50296249246695
266.9338677354709,44.266129979754034,0.00046464978383265045,1.0431298483331792,0.037901774859867614,7.52226710455e-05,38.99957095119882
267.28456913827654,44.039834403172854,0.0004606588896897919,1.0665486163855342,0.03780756553008509,7.52226710455e-05,38.47530162366902
267.63527054108215,43.803798287087126,0.00045653271249757846,1.0913850926215207,0.037731145920493404,7.52226710455e-05,37.928921362421534
267.98597194388776,43.557463044599075,0.00045226526533452235,1.117701243426004,0.037673788273558356,7.52226710455e-05,37.3591970200004
268.3366733466934,43.300270088810834,0.0004478510663275716,1.1455590351838523,0.037636764831745745,7.52226710455e-05,36.76489544894954
268.687374749499,43.03166083282462,0.0004432851622378984,1.1750204342799258,0.03762134783752139,7.52226710455e-05,36.144783501813066
269.0380761523046,42.74509468203632,0.0004384779909989629,1.2568405602285224,0.0376323842026485,7.52226710455e-05,35.48407616858324
269.3887775551102,42.42918494615247,0.00043327774042770817,1.4863069812792657,0.03767692060243093,7.52226710455e-05,34.756985957528244
269.7394789579158,42.08448809161409,0.0004277080687666702,1.8602898086688646,0.03775430595974599,7.52226710455e-05,33.96476254573361
270.09018036072143,41.7118653807094,0.0004217973246533246,2.3731110459892517,0.037863700066902775,7.52226710455e-05,33.109345865441234
270.44088176352705,41.31217807572665,0.00041557396797471565,3.0190926968323617,0.038004262716210394,7.52226710455e-05,32.19267584889295
270.79158316633266,40.886287438954035,0.0004090664020704025,3.7925567647902,0.03817515369997794,7.52226710455e-05,31.216692428330514
271.14228456913827,40.43505473267988,0.0004023028169141023,4.687825253454565,0.0383755328105145,7.52226710455e-05,30.183335535995983
271.4929859719439,39.95934121919238,0.0003953110439250129,5.699220166417451,0.03860455984012918,7.52226710455e-05,29.094545104131118
271.8436873747495,39.4600081607798,0.00038811842288302283,6.821063507270794,0.038861394581131053,7.52226710455e-05,27.95226106497778
272.1943887775551,38.93791681973035,0.0003807516812543126,8.047677279606523,0.039145196825829245,7.52226710455e-05,26.75842335077782
272.5450901803607,38.39392845833229,0.00037323682607679984,9.373383487016579,0.03945512636653283,7.52226710455e-05,25.514971893773104
272.89579158316633,37.82890433887385,0.0003655990484097262,10.792504133092885,0.03979034299555092,7.52226710455e-05,24.223846626205482
273.24649298597194,37.243705723643224,0.00035786264021945603,12.299361221427521,0.04015000650519264,7.52226710455e-05,22.886987480316694
273.59719438877755,36.63919387492876,0.0003500509234547618,13.888276755612148,0.040533276687767024,7.52226710455e-05,21.506334388348836
273.94789579158316,36.01623005501866,0.00034218619095999805,15.55357273923883,0.040939313335583184,7.52226710455e-05,20.083827282543645
274.2985971943888,35.37567552620113,0.00033428965878363375,17.2895711758995,0.041367276240950226,7.52226710455e-05,18.62140609514298
274.6492985971944,34.718391550764444,0.0003263814293625471,19.090594069186093,0.041816325196177256,7.52226710455e-05,17.1210107583887
275.0,34.045239390996834,0.0003184804649988997,20.950963422690545,0.042285619993573366,7.52226710455e-05,15.58458120452266
